Valuation date,Cumulative Return
2021-04-01,
2021-04-02,-8.99934304798844e-06
2021-04-03,-1.8998613101284256e-05
2021-04-04,-2.899788315446905e-05
2021-04-05,-3.799722620245749e-05
2021-04-06,-4.799649625575331e-05
2021-04-07,-0.00013299029170865673
2021-04-08,7.999416042636653e-05
2021-04-09,0.0006039559112185344
2021-04-10,0.0004519670064084824
2021-04-11,0.0004329683933073092
2021-04-12,0.0013099043769804197
2021-04-13,0.0015268885371366725
2021-04-14,0.0009419312390195334
2021-04-15,0.0017498722593249916
2021-04-16,0.0017108751061172267
2021-04-17,0.0015368878071901904
2021-04-18,0.0015138894860675656
2021-04-19,0.0004609663494565819
2021-04-20,-0.0012209108735061758
2021-04-21,0.0010699218957017642
2021-04-22,-0.0010349244505148958
2021-04-23,-0.002329829922415483
2021-04-24,-0.002649806564120616
2021-04-25,-0.0026778045202697776
2021-04-26,-0.0020648492660035878
2021-04-27,-0.003284760212504456
2021-04-28,-0.0034817458325542283
2021-04-29,-0.003328757000738758
2021-04-30,-0.006765506118053377
2021-05-01,-0.006790504293186617
2021-05-02,-0.006814502541314438
2021-05-03,-0.00438268006435516
2021-05-04,-0.006440529841321374
2021-05-05,-0.0036187358322841146
2021-05-06,-0.001129917516021095
2021-05-07,-0.000437968028333624
2021-05-08,-0.0004439675903655793
2021-05-09,-0.000471965546514852
2021-05-10,-0.0021878402876587266
2021-05-11,-0.00602156042608859
2021-05-12,-0.005613590207914521
2021-05-13,-0.004767651961406383
2021-05-14,-0.00031097729865670054
2021-05-15,-0.0004919640866212216
2021-05-16,-0.0005239617507918348
2021-05-17,0.0024968177323059226
2021-05-18,0.002025852112796267
2021-05-19,-0.0007099481737827817
2021-05-20,0.002662805615190722
2021-05-21,0.003296759336569144
2021-05-22,0.0035977373651729927
2021-05-23,0.003564739773997294
2021-05-24,0.005154623712469997
2021-05-25,0.005714582835454118
2021-05-26,0.003926713349926558
2021-05-27,0.0055915918137987575
2021-05-28,0.006308539476619357
2021-05-29,0.007429457649592575
2021-05-30,0.007394460204406039
2021-05-31,0.006863498964576831
2021-06-01,0.011468162824115113
2021-06-02,0.013791993184498752
2021-06-03,0.012897058514729665
2021-06-04,0.0171087510611736
2021-06-05,0.01860764164216122
2021-06-06,0.018569644415958653
2021-06-07,0.017611714344853757
2021-06-08,0.014880913693301245
2021-06-09,0.013156039609109271
2021-06-10,0.014281957417109359
2021-06-11,0.015689854640612122
2021-06-12,0.01674477763123372
2021-06-13,0.016705780478025956
2021-06-14,0.017567717556619344
2021-06-15,0.015783847779113236
2021-06-16,0.011557156327589135
2021-06-17,0.006849499986502083
2021-06-18,0.0032137653951271883
2021-06-19,0.003175768168924842
2021-06-20,0.0031377709427222733
2021-06-21,0.00461366320258727
2021-06-22,0.006741507869926444
2021-06-23,0.010019268593393527
2021-06-24,0.009830282389386324
2021-06-25,0.012043120852178513
2021-06-26,0.011672147933201593
2021-06-27,0.011631150925983214
2021-06-28,0.010473235453812624
2021-06-29,0.010019268593393305
2021-06-30,0.010419239395524915
2021-07-01,0.012585081289066657
2021-07-02,0.011570155378658242
2021-07-03,0.013189037200285192
2021-07-04,0.013146040339056198
2021-07-05,0.01391498420615389
2021-07-06,0.007877424947979828
2021-07-07,0.007661440714828771
2021-07-08,-0.0008089409473098774
2021-07-09,0.007158477431148613
2021-07-10,0.006440529841322595
2021-07-11,0.006397532980093379
2021-07-12,0.007682439181940781
2021-07-13,0.006885497358693815
2021-07-14,0.00809140932712027
2021-07-15,0.007099481737834257
2021-07-16,0.00044196773635651887
2021-07-17,0.00042196919624992724
2021-07-18,0.00037897233502093286
2021-07-19,-0.009581300565057349
2021-07-20,-0.00485964524589555
2021-07-21,0.0016328807997032513
2021-07-22,0.0016808772959591156
2021-07-23,0.0014478943037175007
2021-07-24,0.001584884303447609
2021-07-25,0.0015418874422183926
2021-07-26,0.0016988759820548704
2021-07-27,-0.0012839062748403185
2021-07-28,0.004340683130133138
2021-07-29,0.010382242096328653
2021-07-30,0.007372461810289499
2021-07-31,0.00688149765067303
2021-08-01,0.006837500862438617
2021-08-02,0.007529450350125977
2021-08-03,0.013313028148946637
2021-08-04,0.012326100194687273
2021-08-05,0.011539157641493825
2021-08-06,0.010749215307284343
2021-08-07,0.011827136619028566
2021-08-08,0.011778140195767284
2021-08-09,0.014725925007476048
2021-08-10,0.013540011579156408
2021-08-11,0.016323808361990988
2021-08-12,0.01594483602697161
2021-08-13,0.017299737119191638
2021-08-14,0.016465797996747522
2021-08-15,0.016415801646481043
2021-08-16,0.014003977709628357
2021-08-17,0.01150216034229623
2021-08-18,0.008745361588605283
2021-08-19,0.0022858331341824023
2021-08-20,0.004971637070495083
2021-08-21,0.0056675862662038945
2021-08-22,0.005618589842942834
2021-08-23,0.013038048222481002
2021-08-24,0.015215889240086655
2021-08-25,0.015845843253443848
2021-08-26,0.012605079829173915
2021-08-27,0.015408875152115531
2021-08-28,0.015506867998637652
2021-08-29,0.015456871648371173
2021-08-30,0.014995905298914813
2021-08-31,0.0159418362459558
2021-09-01,0.014158966395454886
2021-09-02,0.016445799456641597
2021-09-03,0.01566985610050642
2021-09-04,0.014851915810147664
2021-09-05,0.014801919459881407
2021-09-06,0.01572385215879435
2021-09-07,0.012723071215803294
2021-09-08,0.008232399034872495
2021-09-09,0.005150624004449655
2021-09-10,0.003893715758751526
2021-09-11,0.003952711452065882
2021-09-12,0.0039037150288045996
2021-09-13,0.0059385664846483
2021-09-14,0.003802722401266445
2021-09-15,0.002827793571070991
2021-09-16,-0.0008179402903570887
2021-09-17,-0.002079848171081866
2021-09-18,-0.0026838040823002896
2021-09-19,-0.002731800578556043
2021-09-20,-0.014550937781540263
2021-09-21,-0.010355244067181357
2021-09-22,-0.005388606631714032
2021-09-23,-0.0008039413122824524
2021-09-24,-0.00013499014571771717
2021-09-25,-0.00045896649544407975
2021-09-26,-0.0005109626997211736
2021-09-27,0.004815648457664468
2021-09-28,4.699656925222229e-05
2021-09-29,0.0002579811673766308
2021-09-30,0.0003169768606909873
2021-10-01,0.0030337785341687518
2021-10-02,0.002459820433110105
2021-10-03,0.002404824447816978
2021-10-04,0.0004689657655005952
2021-10-05,0.004043704809550297
2021-10-06,0.0030147799210671344
2021-10-07,0.012976052748150835
2021-10-08,0.01568285515157508
2021-10-09,0.015216889167091852
2021-10-10,0.015160893254793306
2021-10-11,0.017022757338715166
2021-10-12,0.0148339171240508
2021-10-13,0.014228961285827069
2021-10-14,0.021340442147724126
2021-10-15,0.0228753301009037
2021-10-16,0.022399364846367176
2021-10-17,0.022342369007063434
2021-10-18,0.020126530763255213
2021-10-19,0.02724701096820037
2021-10-20,0.029897817459326514
2021-10-21,0.02703702629708138
2021-10-22,0.025156163600058346
2021-10-23,0.02552213688400884
2021-10-24,0.02546414111769968
2021-10-25,0.027302006953493496
2021-10-26,0.02718401556686456
2021-10-27,0.02005453601887175
2021-10-28,0.02254235440812935
2021-10-29,0.018825625729322892
2021-10-30,0.016549791865195118
2021-10-31,0.016492796025891376
2021-11-01,0.022568352510268008
2021-11-02,0.02445821455033914
2021-11-03,0.03236763716248836
2021-11-04,0.03233463957131266
2021-11-05,0.04115599561232175
2021-11-06,0.04320284619222936
2021-11-07,0.043142850571909586
2021-11-08,0.04618562844912466
2021-11-09,0.0441437775042437
2021-11-10,0.04418277465745146
2021-11-11,0.05193720858377504
2021-11-12,0.059337668350212036
2021-11-13,0.0597886354296151
2021-11-14,0.059725640028279514
2021-11-15,0.061999474038396674
2021-11-16,0.06455628739102193
2021-11-17,0.0636883507503967
2021-11-18,0.05764179214917475
2021-11-19,0.04730954640311413
2021-11-20,0.05078629260064149
2021-11-21,0.0507242971263111
2021-11-22,0.04639661304724885
2021-11-23,0.04481772830583508
2021-11-24,0.0438387997676184
2021-11-25,0.04562666925314618
2021-11-26,0.025219159001394598
2021-11-27,0.022748339371227777
2021-11-28,0.022687343823902584
2021-11-29,0.02560613075245688
2021-11-30,0.01865563813841775
2021-12-01,0.014306955592243709
2021-12-02,0.01625881310664501
2021-12-03,0.01144716435700377
2021-12-04,0.01325903209065915
2021-12-05,0.01319803654333418
2021-12-06,0.01910560529081562
2021-12-07,0.030596766436052025
2021-12-08,0.03241663358575009
2021-12-09,0.023994248419867192
2021-12-10,0.01877262959804127
2021-12-11,0.02020552499667727
2021-12-12,0.020144529449352078
2021-12-13,0.014414947708819126
2021-12-14,0.014822917926993195
2021-12-15,0.017364732374538505
2021-12-16,0.024997175206211697
2021-12-17,0.018298664197515357
2021-12-18,0.018877621933600652
2021-12-19,0.01881662638627568
2021-12-20,0.00940831319313884
2021-12-21,0.023622275573884854
2021-12-22,0.02662705622489714
2021-12-23,0.031123727967860004
2021-12-24,0.029767826948634335
2021-12-25,0.029326859139284345
2021-12-26,0.029264863664953955
2021-12-27,0.03293859548253142
2021-12-28,0.033137580956591695
2021-12-29,0.03238863562960059
2021-12-30,0.03378353380203425
2021-12-31,0.032351638330403665
2022-01-01,0.03299159161381415
2022-01-02,0.03292959613948376
2022-01-03,0.039396124082943684
2022-01-04,0.043997788161465934
2022-01-05,0.044417757503703914
2022-01-06,0.045125705823476636
2022-01-07,0.05099927705277696
2022-01-08,0.050935281724435955
2022-01-09,0.05087228632310015
2022-01-10,0.051289255884322094
2022-01-11,0.05930267090502572
2022-01-12,0.062256455278766554
2022-01-13,0.05669186149411276
2022-01-14,0.0552089697452105
2022-01-15,0.0561149036120383
2022-01-16,0.056050908283697076
2022-01-18,0.04722055289964011
2022-01-19,0.04583765385127059
2022-01-20,0.041891941888243966
2022-01-21,0.030498773589529682
2022-01-22,0.03021079461199494
2022-01-23,0.03014879913766455
2022-01-24,0.021100459666445914
2022-01-25,0.019003612736271602
2022-01-26,0.025507137978929117
2022-01-27,0.02098346820682262
2022-01-28,0.027030026808044783
2022-01-29,0.027939960382894036
2022-01-30,0.027876964981558228
2022-01-31,0.041245989042801856
2022-02-01,0.04843346435710405
2022-02-02,0.0458676516614307
2022-02-03,0.026717049655377023
2022-02-04,0.03177768022934524
2022-02-05,0.022902328130048666
2022-02-06,0.02283833280170766
2022-02-07,0.02303231864074129
2022-02-08,0.03166268862373256
2022-02-09,0.0466665933386885
2022-02-10,0.0384121959097008
2022-02-11,0.03465047051565451
2022-02-12,0.03561240029478063
2022-02-13,0.03554740503943421
2022-02-14,0.02386125812815898
2022-02-15,0.042298912179413284
2022-02-16,0.04257689188689451
2022-02-17,0.030673760815462803
2022-02-18,0.021884402438624218
2022-02-19,0.022606349736471465
2022-02-20,0.02254235440813046
2022-02-21,0.01337202384226166
2022-02-22,0.00669851100869856
2022-02-23,-0.0012129114574614963
2022-02-24,-0.024954178344978595
2022-02-25,0.006621516629288227
2022-02-26,0.003623735467312983
2022-02-27,0.003560740065977397
2022-02-28,-0.016829771426683626
2022-03-01,-0.03636734518379947
2022-03-02,-0.023812261704893367
2022-03-03,-0.029653835270023077
2022-03-04,-0.04274587955079068
2022-03-05,-0.03567039606108546
2022-03-06,-0.035731391608410545
2022-03-07,-0.05142524595704312
2022-03-08,-0.049808363989426896
2022-03-09,-0.03080375132615132
2022-03-10,-0.039670104082400015
2022-03-11,-0.04849745968544106
2022-03-12,-0.04464074122588857
2022-03-13,-0.044700736846208344
2022-03-14,-0.0470255671335974
2022-03-15,-0.04393979239515333
2022-03-16,-0.02280733506453836
2022-03-17,-0.013992978512566534
2022-03-18,-0.012961053843067338
2022-03-19,-0.011110188956204192
2022-03-20,-0.01117318435753989
2022-03-21,-0.0076064447295326465
2022-03-22,-1.8998613099174833e-05
2022-03-23,-0.00212984452134779
2022-03-24,0.0037277278758671706
2022-03-25,0.005637588456044895
2022-03-26,0.0044196773635545306
2022-03-27,0.004355682035213526
2022-03-28,0.0013139040850038697
2022-03-29,0.01475192310961515
2022-03-30,0.005222618748833563
2022-03-31,-0.0033607546649073727
2022-04-01,0.002355828024556361
2022-04-02,0.004468673786815813
2022-04-03,0.0044036785314693905
2022-04-04,0.010215254286439324
2022-04-05,0.00482064809269156
2022-04-06,-0.0017998686095893612
2022-04-07,0.001167914742226106
2022-04-09,0.011687146838283313
2022-04-10,0.011620151728926054
2022-04-10,0.009027341004108846
2022-04-11,0.005391606412733951
2022-04-12,0.000863936932606002
2022-04-13,0.007599445240499492
2022-04-14,0.007010488234360901
2022-04-15,0.003752726051000188
2022-04-16,0.006205546995071254
2022-04-17,0.006139551812719635
2022-04-18,0.0059425661926699735
2022-04-19,0.010164258009167426
2022-04-20,0.009084336843412588
2022-04-21,-0.0019008612371276268
2022-04-22,-0.0186706370434937
2022-04-23,-0.018734632371834703
2022-04-24,-0.018798627700175707
2022-04-25,-0.027275008924346422
2022-04-26,-0.035813385622847416
2022-04-27,-0.027196014690925585
2022-04-28,-0.010371242899266386
2022-04-29,-0.011961126837738978
2022-04-30,-0.014552937635550656
2022-05-01,-0.01461693296389166
2022-05-02,-0.011541157495500998
2022-05-03,-0.003114772621596762
2022-05-04,0.005810575827966291
2022-05-05,-0.008473381443153016
2022-05-06,-0.017322735440311154
2022-05-07,-0.01753072025741953
2022-05-08,-0.017593715658755227
2022-05-09,-0.03837619853750518
2022-05-10,-0.03783523802762234
2022-05-11,-0.03865617809899713
2022-05-12,-0.046312619178798475
2022-05-13,-0.019286592078776477
2022-05-14,-0.018284665219437057
2022-05-15,-0.018351660328794206
2022-05-16,-0.017061754491920156
2022-05-17,-0.0026318078780229737
2022-05-18,-0.024559207177874187
2022-05-19,-0.027394000237980665
2022-05-20,-0.024481212871458546
2022-05-21,-0.02724401118718145
2022-05-22,-0.02731000636953318
2022-05-23,-0.016032829603437215
2022-05-24,-0.02817994286416914
2022-05-25,-0.020560499083565054
2022-05-26,-0.007928421225248616
2022-05-27,0.0036747317445846583
2022-05-28,0.0024458214550358015
2022-05-29,0.0023778264186733455
2022-05-30,0.006323538381700189
2022-05-31,-0.0005789577360832965
2022-06-01,-0.0020448507258949977
2022-06-02,0.006390533491057004
2022-06-03,-0.000304977736623413
2022-06-04,-0.002454820798079904
2022-06-05,-0.002522815834442249
2022-06-06,0.0021898401416713398
2022-06-07,0.007839427721777925
2022-06-08,0.004167695758211076
2022-06-09,-0.013577008878350338
2022-06-10,-0.030558769209846237
2022-06-11,-0.030624764392197967
2022-06-12,-0.030690759574549586
2022-06-13,-0.05726181988714685
2022-06-14,-0.04842946464907916
2022-06-15,-0.04212492488048225
2022-06-16,-0.06494725885010244
2022-06-17,-0.06493925943405987
2022-06-18,-0.06984090161418077
2022-06-19,-0.06990489694252178
2022-06-20,-0.06701610782412748
2022-06-21,-0.05744180674810606
2022-06-22,-0.06806603117972254
2022-06-23,-0.07308866452748808
2022-06-24,-0.05148924128538468
2022-06-25,-0.05298513208535638
2022-06-26,-0.053051127267708
2022-06-27,-0.04684558027263863
2022-06-28,-0.05450102142543456
2022-06-29,-0.06226545462181121
2022-06-30,-0.06979590489894105
2022-07-01,-0.06336137461965152
2022-07-02,-0.06514224461614182
2022-07-03,-0.06520723987148824
2022-07-04,-0.06318738732072438
2022-07-05,-0.07520451007076367
2022-07-06,-0.06391133447258235
2022-07-07,-0.04255589341977928
2022-07-08,-0.04022306371634765
2022-07-09,-0.03955211269577208
2022-07-10,-0.039619107805129006
2022-07-11,-0.05169522624848266
2022-07-12,-0.053387102741498715
2022-07-13,-0.05388306653614172
2022-07-14,-0.06908695665216324
2022-07-15,-0.05308912449391079
2022-07-16,-0.05603490945160883
2022-07-17,-0.05610090463396056
2022-07-18,-0.05564793770054666
2022-07-19,-0.039797094812077494
2022-07-20,-0.042246915975132415
2022-07-21,-0.0400950730596652
2022-07-22,-0.05065230238192475
2022-07-23,-0.04946738888061042
2022-07-24,-0.04953338406296204
2022-07-25,-0.046786584579324386
2022-07-26,-0.057147828208539364
2022-07-27,-0.036673322847430856
2022-07-28,-0.03653433299369002
2022-07-29,-0.03201966256463129
2022-07-30,-0.035721392338357805
2022-07-31,-0.03578838744771473
2022-08-01,-0.03644533949021567
2022-08-02,-0.040829019481576356
2022-08-03,-0.035943376133540594
2022-08-04,-0.030978738552084106
2022-08-05,-0.031848675046719954
2022-08-06,-0.03471346591698632
2022-08-07,-0.03478046102634347
2022-08-08,-0.034191504020204766
2022-08-09,-0.036590328905988234
2022-08-10,-0.026592058779707384
2022-08-11,-0.02270034287496847
2022-08-12,-0.01591083850878705
2022-08-13,-0.013400021798407047
2022-08-14,-0.013469016761774588
2022-08-15,-0.015959834932048222
2022-08-16,-0.009400313777092384
2022-08-17,-0.014709926175387356
2022-08-18,-0.013382023112310848
2022-08-19,-0.02536514834416892
2022-08-20,-0.01874063193386677
2022-08-21,-0.018808626970229114
2022-08-22,-0.031973665922385486
2022-08-23,-0.02639307330564644
2022-08-24,-0.020422509156829305
2022-08-25,-0.0070534850955856765
2022-08-26,-0.02888589132993069
2022-08-27,-0.03130871446384198
2022-08-28,-0.031376709500204325
2022-08-29,-0.040205065030250564
2022-08-30,-0.047146558301241814
2022-08-31,-0.054269038360197475
2022-09-01,-0.06184648520657776
2022-09-02,-0.06285541155495433
2022-09-03,-0.06275641878142679
2022-09-04,-0.0628214140367731
2022-09-05,-0.06645614870114269
2022-09-06,-0.06736208256797027
2022-09-07,-0.06608517578216555
2022-09-08,-0.060633573749113934
2022-09-09,-0.04418077480343696
2022-09-10,-0.05281514449444957
2022-09-11,-0.05288113967680119
2022-09-12,-0.04385279874568915
2022-09-13,-0.07311166284860982
2022-09-14,-0.07600745145604149
2022-09-15,-0.06942493197996324
2022-09-16,-0.07629943014159746
2022-09-17,-0.07419058408735946
2022-09-18,-0.07425357948869515
2022-09-19,-0.0698089039500096
2022-09-20,-0.07893023809261723
2022-09-21,-0.08834555077479145
2022-09-22,-0.08979344507850728
2022-09-23,-0.107642142123623
2022-09-24,-0.1010866206766885
2022-09-25,-0.10114761622401358
2022-09-26,-0.11371169904596756
2022-09-27,-0.10735216329207764
2022-09-28,-0.0974718845524255
2022-09-29,-0.10381542147423017
2022-09-30,-0.11429365656306878
2022-10-01,-0.1166364855365537
2022-10-02,-0.11669648115687348
2022-10-03,-0.10000869936494405
2022-10-04,-0.07659140882715332
2022-10-05,-0.08314493042007709
2022-10-06,-0.087806590118919
2022-10-07,-0.09860280199545213
2022-10-08,-0.09527404499471315
2022-10-09,-0.09533504054203823
2022-10-10,-0.10110461936278425
2022-10-11,-0.10234952848441836
2022-10-12,-0.10345544775231186
2022-10-13,-0.08884351442344485
2022-10-14,-0.10249851760821249
2022-10-15,-0.10171557476304027
2022-10-16,-0.10177757023737055
2022-10-17,-0.09046439609908274
2022-10-18,-0.08341691056552647
2022-10-19,-0.09238625580332416
2022-10-20,-0.09144932419933138
2022-10-21,-0.08448683246122812
2022-10-22,-0.08007115480569704
2022-10-23,-0.08013415020703274
2022-10-24,-0.0804771251698605
2022-10-25,-0.07066084175854936
2022-10-26,-0.0768403906514803
2022-10-27,-0.09002442821673806
2022-10-28,-0.08027114020676263
2022-10-29,-0.07578346780684786
2022-10-30,-0.07584646320818356
2022-10-31,-0.07639442320710366
2022-11-01,-0.06877297957248907
2022-11-02,-0.08347890603985697
2022-11-03,-0.09079937164586771
2022-11-04,-0.0645912848362048
2022-11-05,-0.07091982285292964
2022-11-06,-0.07098381818127064
2022-11-07,-0.06381034184504308
2022-11-08,-0.06394733184477308
2022-11-09,-0.07965018553645353
2022-11-10,-0.05191321033564311
2022-11-11,-0.03253062526435335
2022-11-12,-0.05031232720011214
2022-11-13,-0.05037832238246387
2022-11-14,-0.05714682828153339
2022-11-15,-0.048486460488382344
2022-11-16,-0.06347336644424761
2022-11-17,-0.06360635673595638
2022-11-18,-0.05744480652912154
2022-11-19,-0.060008619370784166
2022-11-20,-0.06007361462613048
2022-11-21,-0.0655362158562407
2022-11-22,-0.051366250263728985
2022-11-23,-0.051057272819082455
2022-11-24,-0.051923209605697074
2022-11-25,-0.05614590134919972
2022-11-26,-0.054637011498158916
2022-11-27,-0.05470200675350534
2022-11-28,-0.06855999512035449
2022-11-29,-0.06485426563860675
2022-11-30,-0.04453774874433991
2022-12-01,-0.04586165209939508
2022-12-02,-0.04942939165440763
2022-12-03,-0.053150120041235205
2022-12-04,-0.05321511529658152
2022-12-05,-0.06152450871086235
2022-12-06,-0.07244571146306134
2022-12-07,-0.07144178474971141
2022-12-08,-0.07109780985987835
2022-12-09,-0.0694799279652566
2022-12-10,-0.07029086876657809
2022-12-11,-0.07035486409491909
2022-12-12,-0.06863998928078063
2022-12-13,-0.06441829746428318
2022-12-14,-0.06657813979579297
2022-12-15,-0.086420691289534
2022-12-16,-0.08927448296274176
2022-12-17,-0.089774446465406
2022-12-18,-0.08983744186674159
2022-12-19,-0.09353717178645748
2022-12-20,-0.09209827682578964
2022-12-21,-0.0792442151722903
2022-12-22,-0.08789558362239347
2022-12-23,-0.08493179997859945
2022-12-24,-0.08517278238688353
2022-12-25,-0.08523477786121403
2022-12-26,-0.08522577851816604
2022-12-27,-0.08472181530748057
2022-12-28,-0.09437511061692283
2022-12-29,-0.08590872866280541
2022-12-30,-0.08880051756221585
2022-12-31,-0.08918748931327791
2023-01-01,-0.0892494847876083
2023-01-02,-0.08661267727455679
2023-01-03,-0.08032713611906117
2023-01-04,-0.060481584844304326
2023-01-05,-0.06214446345416569
2023-01-06,-0.04957438107017975
2023-01-07,-0.04963937632552595
2023-01-08,-0.049704371580872375
2023-01-09,-0.046820582097504615
2023-01-10,-0.04607763633254558
2023-01-11,-0.041910940501341254
2023-01-12,-0.035299423142108544
2023-01-13,-0.0335245527076502
2023-01-14,-0.034232501027422924
2023-01-15,-0.03429849620977454
2023-01-16,-0.03383852978732349
2023-01-17,-0.03790423299098966
2023-01-18,-0.04641261187933077
2023-01-19,-0.05220818880221545
2023-01-20,-0.0401100719647447
2023-01-21,-0.04002207838827565
2023-01-22,-0.04008707364362207
2023-01-23,-0.0318156774555437
2023-01-24,-0.035175432193447875
2023-01-25,-0.03439248934827566
2023-01-26,-0.026847040166065983
2023-01-27,-0.028181942718179642
2023-01-28,-0.02676704600563984
2023-01-29,-0.026833041187991458
2023-01-30,-0.03840319656664881
2023-01-31,-0.03233163979029363
2023-02-01,-0.018534646970769342
2023-02-02,-0.007553448598250467
2023-02-03,-0.016160820260119224
2023-02-04,-0.013615006104552574
2023-02-05,-0.013683001140914919
2023-02-06,-0.019468578793746416
2023-02-07,-0.0035847383141014433
2023-02-08,-0.00704648560654908
2023-02-09,-0.01224510610725238
2023-02-10,-0.016572790186314634
2023-02-11,-0.012419093406179638
2023-02-12,-0.012486088515536564
2023-02-13,-0.009596299470136849
2023-02-14,-0.007560448087287952
2023-02-15,-0.00855837523860592
2023-02-16,-0.011579154721703566
2023-02-17,-0.017335734491380372
2023-02-18,-0.01381499150561838
2023-02-19,-0.013880986687969998
2023-02-20,-0.015278884641419466
2023-02-21,-0.028699904906939966
2023-02-22,-0.030513772494606184
2023-02-23,-0.022499357546897247
2023-02-24,-0.026438070020886717
2023-02-25,-0.024398218930016147
2023-02-26,-0.02446321418536257
2023-02-27,-0.024062243456225985
2023-02-28,-0.025812115715550976
2023-03-01,-0.02450421119258106
2023-03-02,-0.024848186082414125
2023-03-03,-0.011971126107792274
2023-03-04,-0.012305101727572043
2023-03-05,-0.012371096909923773
2023-03-06,-0.016977760623472782
2023-03-07,-0.02567512571582109
2023-03-08,-0.025751120168226005
2023-03-09,-0.030274789940332614
2023-03-10,-0.04090001429895451
2023-03-11,-0.04251189663154431
2023-03-12,-0.042575891959885426
2023-03-13,-0.053311108289093356
2023-03-14,-0.0481624841386562
2023-03-15,-0.06576319928645058
2023-03-16,-0.045900649252602954
2023-03-17,-0.054223041717953
2023-03-18,-0.055646937773540905
2023-03-19,-0.055708933247871184
2023-03-20,-0.05198320522601674
2023-03-21,-0.04652660355793847
2023-03-22,-0.05693084404838267
2023-03-23,-0.058456732658514254
2023-03-24,-0.06415131695386067
2023-03-25,-0.0571228300334059
2023-03-26,-0.0571848255077364
2023-03-27,-0.054214042374905125
2023-03-28,-0.053242113325725815
2023-03-29,-0.042847872105334917
2023-03-30,-0.03526542562392798
2023-03-31,-0.030600766144070146
2023-04-01,-0.030268790378301103
2023-04-02,-0.03033478556065272
2023-04-03,-0.02744799629626904
2023-04-04,-0.029743828700503405
2023-04-05,-0.03314958008065283
2023-04-06,-0.029599839211736145
2023-04-07,-0.028470921622720136
2023-04-08,-0.02773597527380356
2023-04-09,-0.02780597016417663
2023-04-10,-0.02399124863884805
2023-04-11,-0.016630785952624128
2023-04-12,-0.020055535945874614
2023-04-13,-0.01695576222935591
2023-04-14,-0.019903547041064673
2023-04-15,-0.01997054215042182
2023-04-16,-0.020038537186784167
2023-04-17,-0.020435508207899633
2023-04-18,-0.02057649791565097
2023-04-19,-0.023199306450627843
2023-04-20,-0.028117947389839304
2023-04-21,-0.0342005033632532
2023-04-22,-0.03426649854560493
2023-04-23,-0.03433249372795655
2023-04-24,-0.03432949394694074
2023-04-25,-0.04821048063491251
2023-04-26,-0.05339410223053609
2023-04-27,-0.04322984422137088
2023-04-28,-0.03613636204556958
2023-04-29,-0.03387452715951633
2023-04-30,-0.03394152226887348
2023-05-01,-0.034891452923935695
2023-05-02,-0.04619062808414898
2023-05-03,-0.04977236661723594
2023-05-04,-0.05867871645369804
2023-05-05,-0.04725155063680253
2023-05-06,-0.044588745021612364
2023-05-07,-0.044654740203964094
2023-05-08,-0.04732954494321806
2023-05-09,-0.054384029965811376
2023-05-10,-0.050005349609477334
2023-05-11,-0.0505183121632109
2023-05-12,-0.051315253986457865
2023-05-13,-0.049782365887289126
2023-05-14,-0.04984736114263544
2023-05-15,-0.04266188568234419
2023-05-16,-0.04851245859052189
2023-05-17,-0.043130851447843344
2023-05-18,-0.03744726634955553
2023-05-19,-0.039180139849790074
2023-05-20,-0.03913914284257147
2023-05-21,-0.039204138097917896
2023-05-22,-0.038045222698742
2023-05-23,-0.0434098310823301
2023-05-24,-0.05063930333085598
2023-05-25,-0.05711783039838003
2023-05-26,-0.04815848443063575
2023-05-27,-0.04912741369879925
2023-05-28,-0.04919240895414556
2023-05-29,-0.04821648019694491
2023-05-30,-0.04879743778704082
2023-05-31,-0.055119976241733704
2023-06-01,-0.04345982743259669
2023-06-02,-0.029738829065477534
2023-06-03,-0.02980582417483446
2023-06-04,-0.029872819284191388
2023-06-05,-0.03117372431812393
2023-06-06,-0.023263301778969292
2023-06-07,-0.021692416453598207
2023-06-08,-0.023327297107310407
2023-06-09,-0.025417144548447235
2023-06-10,-0.02735900279279546
2023-06-11,-0.027423998048141662
2023-06-12,-0.025428143745505838
2023-06-13,-0.019990540690528746
2023-06-14,-0.021833406161349322
2023-06-15,-0.01594383609996386
2023-06-16,-0.013562009973271283
2023-06-17,-0.021014465943985483
2023-06-18,-0.02108046112633699
2023-06-19,-0.021397437987026202
2023-06-20,-0.027132019362585913
2023-06-21,-0.03041977935610629
2023-06-22,-0.029568841474571728
2023-06-23,-0.0361113638704369
2023-06-24,-0.030826749647275165
2023-06-25,-0.030892744829626895
2023-06-26,-0.0321566525643624
2023-06-27,-0.030014808918948477
2023-06-28,-0.0336015470870622
2023-06-29,-0.027738975054820703
2023-06-30,-0.023802262434841848
2023-07-01,-0.021545427183815247
2023-07-02,-0.02161342222017759
2023-07-03,-0.016988759820532606
2023-07-04,-0.019542573392141938
2023-07-05,-0.021368440103871955
2023-07-06,-0.03248962825713686
2023-07-07,-0.03221864803869268
2023-07-08,-0.0315876940983304
2023-07-09,-0.03165368928068202
2023-07-10,-0.029560842058529158
2023-07-11,-0.023447288347949957
2023-07-12,-0.017887694198322923
2023-07-13,-0.012333099683722426
2023-07-14,-0.025636128562614213
2023-07-15,-0.027776972281022716
2023-07-16,-0.027843967390379643
2023-07-17,-0.024071242799274972
2023-07-18,-0.020802481418855656
2023-07-19,-0.01795468930767985
2023-07-20,-0.019353587188134513
2023-07-21,-0.0160518282165395
2023-07-22,-0.012913057346813028
2023-07-23,-0.012980052456170177
2023-07-24,-0.01028024954178286
2023-07-25,-0.006163550060844902
2023-07-26,0.002463820141130224
2023-07-27,0.0007499452539969642
2023-07-28,0.006993489475268788
2023-07-29,0.013650003549741552
2023-07-30,0.013578008805357866
2023-07-31,0.016263812741670547
2023-08-01,0.007515451372050563
2023-08-02,-0.005622589550962176
2023-08-03,-0.009025341150095456
2023-08-04,-0.00974028895890533
2023-08-05,-0.010603225964503804
2023-08-06,-0.010674220781882071
2023-08-07,-0.010202255235367108
2023-08-08,-0.01518589142992477
2023-08-09,-0.014226961431814567
2023-08-10,-0.009889278082699238
2023-08-11,-0.012701072821683201
2023-08-12,-0.012102116545491315
2023-08-13,-0.012173111362869582
2023-08-14,-0.014603933912823441
2023-08-15,-0.021946397912951388
2023-08-16,-0.024905181921718755
2023-08-17,-0.025794117029455776
2023-08-18,-0.02916187118340252
2023-08-19,-0.027397000018997586
2023-08-20,-0.02746599498236524
2023-08-21,-0.02540914513240422
2023-08-22,-0.029395854102649444
2023-08-23,-0.02442121725113955
2023-08-24,-0.021841405577391892
2023-08-25,-0.023801262507835985
2023-08-26,-0.022199379445299483
2023-08-27,-0.022268374408667135
2023-08-28,-0.016351806318137596
2023-08-29,-0.008972345018812389
2023-08-30,-0.00721247348943399
2023-08-31,-0.012168111727842601
2023-09-01,-0.006885497358691484
2023-09-02,-0.005352609259522745
2023-09-03,-0.005423604076901012
2023-09-04,-0.006283541301483564
2023-09-05,-0.013406021360439335
2023-09-06,-0.015441872743288454
2023-09-07,-0.01998354120149093
2023-09-08,-0.017021757411707417
2023-09-09,-0.01709075237507518
2023-09-10,-0.01716074726544825
2023-09-11,-0.014254959387963395
2023-09-12,-0.010689219686961682
2023-09-13,-0.013049047419537274
2023-09-14,-0.004041704955537129
2023-09-15,-0.00528061451513917
2023-09-16,-0.0012769067858035
2023-09-17,-0.0013519013112031075
2023-09-18,-0.005777578236787484
2023-09-19,-0.006559521154954506
2023-09-20,-0.015305882670563764
2023-09-21,-0.026943033158578267
2023-09-22,-0.03180767803950191
2023-09-23,-0.03272161132237228
2023-09-24,-0.03279460599376127
2023-09-25,-0.028219939944382766
2023-09-26,-0.0360033717538607
2023-09-27,-0.034956448179281785
2023-09-28,-0.027276008851352618
2023-09-29,-0.025135165132944115
2023-09-30,-0.028315932936894384
2023-10-01,-0.028384927900262147
2023-10-02,-0.03627735175332081
2023-10-03,-0.04292086677672413
2023-10-04,-0.04339583210425524
2023-10-05,-0.046462608229598135
2023-10-06,-0.039594109629995766
2023-10-07,-0.041801948457761307
2023-10-08,-0.04186994349412376
2023-10-09,-0.032413633804730946
2023-10-10,-0.023343295939395103
2023-10-11,-0.023361294625490858
2023-10-12,-0.028624910381540802
2023-10-13,-0.028950886585278002
2023-10-14,-0.02362527535489778
2023-10-15,-0.02369427031826543
2023-10-16,-0.016992759528552948
2023-10-17,-0.01132817304336653
2023-10-18,-0.02157342513996341
2023-10-19,-0.028445923447587007
2023-10-20,-0.03769724810088726
2023-10-21,-0.03953411400967588
2023-10-22,-0.039602109046038225
2023-10-23,-0.044620742685782644
2023-10-24,-0.03843519423081987
2023-10-25,-0.049724370120979966
2023-10-26,-0.050676300630052795
2023-10-27,-0.052423173108361976
2023-10-28,-0.0525941606262732
2023-10-29,-0.052662155662635435
2023-10-30,-0.046346616696979925
2023-10-31,-0.05043531822176861
2023-11-01,-0.04880443727607764
2023-11-02,-0.03019579570691211
2023-11-03,-0.026449069217945764
2023-11-04,-0.028780898994371973
2023-11-05,-0.028850893884745044
2023-11-06,-0.030057805780176694
2023-11-07,-0.03486245504078078
2023-11-08,-0.03587138138915735
2023-11-09,-0.03588538036723199
2023-11-10,-0.035660396791032944
2023-11-11,-0.03532742109825859
2023-11-12,-0.03539641606162636
2023-11-13,-0.033049587380120204
2023-11-14,-0.01923359594749474
2023-11-15,-0.012212108516077236
2023-11-16,-0.020253521492929916
2023-11-17,-0.014252959533953002
2023-11-18,-0.015011904130997511
2023-11-19,-0.015081899021370582
2023-11-20,-0.01247408939147343
2023-11-21,-0.020883475506286997
2023-11-22,-0.01898661397717849
2023-11-23,-0.014925910408538967
2023-11-24,-0.01356900946230799
2023-11-25,-0.0145289393874235
2023-11-26,-0.014599934204801768
2023-11-27,-0.017015757849675683
2023-11-28,-0.015588862013071747
2023-11-29,-0.015305882670563764
2023-11-30,-0.01413296829331323
2023-12-01,-0.004252689553661426
2023-12-02,-0.001221910800510484
2023-12-03,-0.0012939055448941694
2023-12-04,-0.0012989051799208173
2023-12-05,-0.00409470108681953
2023-12-06,0.0016958762010383932
2023-12-07,0.007167476774196713
2023-12-08,0.01169614618133008
2023-12-09,0.011623151509940977
2023-12-10,0.011551156765557069
2023-12-11,0.014151966906416735
2023-12-12,0.012604079902168053
2023-12-13,0.019388584633322603
2023-12-14,0.025963104693358385
2023-12-15,0.019523574779042097
2023-12-16,0.017928691205542968
2023-12-17,0.017854696607148668
2023-12-18,0.01977255660336885
2023-12-19,0.03036778315183075
2023-12-20,0.022304371780860865
2023-12-21,0.03210365643308144
2023-12-22,0.03284560227103528
2023-12-23,0.030836748917330015
2023-12-24,0.030761754391930296
2023-12-25,0.0310987297927261
2023-12-26,0.036035369418033314
2023-12-27,0.03753525992602613
2023-12-28,0.03272861081141154
2023-12-29,0.030126800743546456
2023-12-30,0.03381553146620364
2023-12-31,0.033740536940804144
2024-01-01,0.033665542415404426
2024-01-02,0.03537441766751104
2024-01-03,0.033624545408186046
2024-01-04,0.035091438325003166
2024-01-05,0.034782460880356636
2024-01-06,0.03616635985573158
2024-01-07,0.03609236525733728
2024-01-08,0.03973309948373882
2024-01-09,0.035973373943703146
2024-01-10,0.03526742547794126
2024-01-11,0.030636763516264542
2024-01-12,0.034285497158708544
2024-01-13,0.03728527817469418
2024-01-14,0.03721128357629988
2024-01-15,0.03902015152893923
2024-01-16,0.028853893665763186
2024-01-17,0.025209159731340414
2024-01-18,0.030012809064938972
2024-01-19,0.03397851956807241
2024-01-20,0.03390452496967811
2024-01-21,0.03383053037128403
2024-01-22,0.037642252115596575
2024-01-23,0.04115099597729466
2024-01-24,0.04317684809009048
2024-01-25,0.04428976684702124
2024-01-26,0.042997861156136796
2024-01-27,0.04429976611707476
2024-01-28,0.04422477159167504
2024-01-29,0.04647560728066957
2024-01-30,0.04923640574238175
2024-01-31,0.041564965757500794
2024-02-01,0.04263788743421837
2024-02-02,0.045695664216513165
2024-02-03,0.041801948457763416
2024-02-04,0.04172495407835308
2024-02-05,0.037064294306516476
2024-02-06,0.05254416427600872
2024-02-07,0.05185721442334801
2024-02-08,0.04661959676943672
2024-02-09,0.05153423800062695
2024-02-10,0.050409320119632284
2024-02-11,0.05033232574022195
2024-02-12,0.05722682244196298
2024-02-13,0.047422538154715976
2024-02-14,0.05175122216078365
2024-02-15,0.06265942586191353
2024-02-16,0.06288040973009124
2024-02-17,0.06114953608386742
2024-02-18,0.06107154177745189
2024-02-19,0.06179148922128852
2024-02-20,0.059206677912513994
2024-02-21,0.058933697840059196
2024-02-22,0.06784204753053191
2024-02-23,0.06972591000857098
2024-02-24,0.07034486482486924
2024-02-25,0.07026587059144829
2024-02-26,0.06122953024429356
2024-02-27,0.06350236432740552
2024-02-28,0.058678716453700375
2024-02-29,0.06296740337955486
2024-03-01,0.06353636184558686
2024-03-02,0.06382634067713222
2024-03-03,0.06374834637071647
2024-03-04,0.06777105271315342
2024-03-05,0.0611155385656863
2024-03-06,0.06642615089098647
2024-03-07,0.06920294818478401
2024-03-08,0.07139178839944837
2024-03-09,0.06928894190724222
2024-03-10,0.06921094760082647
2024-03-11,0.07027287008048555
2024-03-12,0.07351663328577152
2024-03-13,0.07788031473702572
2024-03-14,0.07148278175693323
2024-03-15,0.07573047167556934
2024-03-16,0.07715536765816267
2024-03-17,0.07707737335174714
2024-03-18,0.08152304881743833
2024-03-19,0.07971718064581479
2024-03-20,0.0855797526780564
2024-03-21,0.09124633901725354
2024-03-22,0.08457382611069586
2024-03-23,0.0897004518670157
2024-03-24,0.08962045770658933
2024-03-25,0.09437411068992163
2024-03-26,0.09540803521343122
2024-03-27,0.10403540541540668
2024-03-28,0.10988097868855773
2024-03-29,0.11031794678988649
2024-03-30,0.11155985613050468
2024-03-31,0.11147886204307311
2024-04-01,0.11057292817624531
2024-04-02,0.11295375437593269
2024-04-03,0.11291675707673554
2024-04-04,0.1064822267974459
2024-04-05,0.10175557184325745
2024-04-06,0.10279949563682056
2024-04-07,0.10272150133040503
2024-04-08,0.10525631628891308
2024-04-09,0.10760414489742476
2024-04-10,0.09425211959527169
2024-04-11,0.09168130726457191
2024-04-12,0.08968645288894117
2024-04-13,0.0946240924412538
2024-04-14,0.09454609813483805
2024-04-15,0.08838054821998176
2024-04-16,0.07804030305787846
2024-04-17,0.08002815794447193
2024-04-18,0.08137705947466012
2024-04-19,0.0810570828329551
2024-04-20,0.0826279681583264
2024-04-21,0.08254997385191087
2024-04-22,0.08619670764034426
2024-04-23,0.09450210134660386
2024-04-24,0.09181929719130699
2024-04-25,0.08347090662381862
2024-04-26,0.0877285958125078
2024-04-27,0.08763760245502294
2024-04-28,0.087558608221602
2024-04-29,0.0896564550787815
2024-04-30,0.07813029648835856
2024-05-01,0.07786631575895187
2024-05-02,0.07715436773115791
2024-05-03,0.08348190582087733
2024-05-04,0.08340291158745639
2024-05-05,0.08332491728104086
2024-05-06,0.09151631930869275
2024-05-07,0.09806984090161652
2024-05-08,0.09124633901725399
2024-05-09,0.09897177506042265
2024-05-10,0.10207254870394689
2024-05-11,0.09902077148368393
2024-05-12,0.09894177725026299
2024-05-13,0.10341945038012446
2024-05-14,0.10580727606884932
2024-05-15,0.10659621847605338
2024-05-16,0.110182956644167
2024-05-17,0.1159385364868386
2024-05-18,0.11671847955099501
2024-05-19,0.11663748546356323
2024-05-20,0.11621651619432005
2024-05-21,0.1154625712323023
2024-05-22,0.11013795992892739
2024-05-23,0.10508132906298062
2024-05-24,0.10794512000624179
2024-05-25,0.10786412591881023
2024-05-26,0.10778413175838386
2024-05-27,0.11106189248185094
2024-05-28,0.10796611847335358
2024-05-29,0.09567001608882775
2024-05-30,0.09980471425586135
2024-05-31,0.11317373831710498
2024-06-01,0.1107739135043162
2024-06-02,0.11069291941688464
2024-06-03,0.11004196693641566
2024-06-04,0.09961872783287018
2024-06-05,0.1046593598667318
2024-06-06,0.11010996197277811
2024-06-07,0.10757614694127526
2024-06-08,0.10566528643409234
2024-06-09,0.10558429234666078
2024-06-10,0.10792912117415643
2024-06-11,0.11193382883049763
2024-06-12,0.11142686583879602
2024-06-13,0.10288548935927899
2024-06-14,0.09813183637594691
2024-06-15,0.10486534482983001
2024-06-16,0.10478535066940364
2024-06-17,0.10837508861853329
2024-06-18,0.11130387481714066
2024-06-19,0.11311574255079604
2024-06-20,0.11646749787265742
2024-06-21,0.11697646071836965
2024-06-22,0.11689546663093808
2024-06-23,0.11681547247051194
2024-06-24,0.12349298501209649
2024-06-25,0.11717044655740372
2024-06-26,0.11644449955153524
2024-06-27,0.11872533305068989
2024-06-28,0.11679647385741077
2024-06-29,0.11593253692480698
2024-06-30,0.11585254276438084
2024-07-01,0.11793839049749644
2024-07-02,0.11640950210634893
2024-07-03,0.12350798391717666
2024-07-04,0.12453890865967066
2024-07-05,0.12399794814978793
2024-07-06,0.12242906267842724
2024-07-07,0.12234806859099567
2024-07-08,0.125543835300026
2024-07-09,0.12433692340459435
2024-07-10,0.13300329075977735
2024-07-11,0.139668804177298
2024-07-12,0.14344352862241339
2024-07-13,0.1423706069456958
2024-07-14,0.1422876130042534
2024-07-15,0.14337153387802948
2024-07-16,0.1538327702077773
2024-07-17,0.1568695485229603
2024-07-18,0.1485961524808712
2024-07-19,0.14144467453876097
2024-07-20,0.14330953840369887
2024-07-21,0.14322554453525127
2024-07-22,0.15000504963137917
2024-07-23,0.14913811291775936
2024-07-24,0.14228661307724755
2024-07-25,0.1388248657847999
2024-07-26,0.15205989962732946
2024-07-27,0.1503780224043667
2024-07-28,0.1502940285359191
2024-07-29,0.15435373217755322
2024-07-30,0.1655249166810846
2024-07-31,0.1678367479174041
2024-08-01,0.15751350151439159
2024-08-02,0.12775667376281752
2024-08-03,0.12767367982137512
2024-08-04,0.12759068587993294
2024-08-05,0.0900274279977582
2024-08-06,0.09784485732541737
2024-08-07,0.1054283037338295
2024-08-08,0.11150386021820613
2024-08-09,0.1156765556114423
2024-08-10,0.11568755480850079
2024-08-11,0.11560556079406381
2024-08-12,0.11666048378468563
2024-08-13,0.12737170186576585
2024-08-14,0.12946054937989748
2024-08-15,0.13102543514323672
2024-08-16,0.13742596790434503
2024-08-17,0.13808391987385127
2024-08-18,0.13799992600540367
2024-08-19,0.14211762541334694
2024-08-20,0.1409847081163098
2024-08-21,0.13926483366714448
2024-08-22,0.1371679867369704
2024-08-23,0.14307955519247328
2024-08-24,0.14395249146812517
2024-08-25,0.14386749767267215
2024-08-26,0.144904421977198
2024-08-27,0.14240160468286045
2024-08-28,0.141131697386093
2024-08-29,0.14427046825581957
2024-08-30,0.15446572400215008
2024-08-31,0.15370277969708424
2024-09-01,0.15361778590163144
2024-09-02,0.15335180531821413
2024-09-03,0.14108470081684277
2024-09-04,0.13466416951562787
2024-09-05,0.13325127265709846
2024-09-06,0.1161145236397767
2024-09-07,0.11594153626785486
2024-09-08,0.11586254203443391
2024-09-09,0.1185383467006933
2024-09-10,0.11708345290794009
2024-09-11,0.12203309158431686
2024-09-12,0.12932955894219966
2024-09-13,0.13755895819605435
2024-09-14,0.13442618688835983
2024-09-15,0.13434419287392285
2024-09-16,0.13533612046320886
2024-09-17,0.1353611186383421
2024-09-18,0.13324427316806142
2024-09-19,0.14267058504729446
2024-09-20,0.14144967417378806
2024-09-21,0.14015176892087156
2024-09-22,0.1400717747604454
2024-09-23,0.14269958293044893
2024-09-24,0.1525308652468398
2024-09-25,0.14502341329083257
2024-09-26,0.15398075940456613
2024-09-27,0.15910938501489658
2024-09-28,0.159512355598044
2024-09-29,0.15943236143761785
2024-09-30,0.1573415140694756
2024-10-01,0.15870141479672273
2024-10-02,0.1624501411396997
2024-10-03,0.15792347158657694
